,date,value
0,2021-01-01,63.841128213130325
1,2021-01-02,71.35304544752519
2,2021-01-03,72.90653464877633
3,2021-01-04,65.4812039181932
4,2021-01-05,54.85697622099829
5,2021-01-06,52.960187434425656
6,2021-01-07,61.517061140629195
7,2021-01-08,65.933209255354
8,2021-01-09,71.81863267640809
9,2021-01-10,73.98094159612829
10,2021-01-11,61.47412976996501
11,2021-01-12,55.58581608028754
12,2021-01-13,55.597195438790195
13,2021-01-14,53.43599688480292
14,2021-01-15,60.549335028961494
15,2021-01-16,72.91001027108275
16,2021-01-17,71.11953967171925
17,2021-01-18,64.90784756845974
18,2021-01-19,55.72119975049625
19,2021-01-20,52.4555011738986
20,2021-01-21,63.878865425684474
21,2021-01-22,65.91140603015315
22,2021-01-23,75.91922418560688
23,2021-01-24,71.31009318269459
24,2021-01-25,63.88599151687639
25,2021-01-26,59.76221558059625
26,2021-01-27,54.44401424000204
27,2021-01-28,62.21179323157495
28,2021-01-29,66.16759684032664
29,2021-01-30,76.2098761397735
30,2021-01-31,74.78479847245777
31,2021-02-01,71.60112304367861
32,2021-02-02,60.66179787977083
33,2021-02-03,55.922479162321046
34,2021-02-04,64.63568747476253
35,2021-02-05,65.70097954281131
36,2021-02-06,78.75957093871777
37,2021-02-07,72.30646912517143
38,2021-02-08,64.19175517108299
39,2021-02-09,62.39709900566662
40,2021-02-10,61.92867686720476
41,2021-02-11,64.02295477456495
42,2021-02-12,69.81912091224248
43,2021-02-13,78.5051900587235
44,2021-02-14,74.71626749949637
45,2021-02-15,66.93289834649116
46,2021-02-16,61.70814874259397
47,2021-02-17,63.862787819621175
48,2021-02-18,65.54897657640193
49,2021-02-19,66.41908461131233
50,2021-02-20,81.2278662467651
51,2021-02-21,78.68974862658818
52,2021-02-22,68.05628730499119
53,2021-02-23,65.59698820849533
54,2021-02-24,64.77172396938013
55,2021-02-25,68.10080262769141
56,2021-02-26,69.86401374761488
57,2021-02-27,80.45384461843388
58,2021-02-28,81.54483694164223
59,2021-03-01,73.42379016263057
60,2021-03-02,63.54223492386583
61,2021-03-03,62.36181001337501
62,2021-03-04,63.458650633282
63,2021-03-05,69.74372524124016
64,2021-03-06,84.31012635555936
65,2021-03-07,85.12370685150043
66,2021-03-08,71.39051132468018
67,2021-03-09,68.32419932754948
68,2021-03-10,64.60154889875724
69,2021-03-11,65.44921870589835
70,2021-03-12,74.677645154934
71,2021-03-13,86.98037348495872
72,2021-03-14,82.05934316700332
73,2021-03-15,76.48641522692799
74,2021-03-16,59.20089396997544
75,2021-03-17,66.48630787166702
76,2021-03-18,68.0504957039427
77,2021-03-19,73.50126892644784
78,2021-03-20,83.66432910180382
79,2021-03-21,77.36063474129453
80,2021-03-22,72.22177157485102
81,2021-03-23,67.7733481999941
82,2021-03-24,68.77427828625761
83,2021-03-25,66.91471696473545
84,2021-03-26,72.6059539773143
85,2021-03-27,82.52378964656498
86,2021-03-28,85.64222206976814
87,2021-03-29,74.12763768984419
88,2021-03-30,65.7854312644544
89,2021-03-31,66.55790405385429
90,2021-04-01,68.94571962384347
91,2021-04-02,77.7552114302952
92,2021-04-03,82.31537212062003
93,2021-04-04,82.59971342449911
94,2021-04-05,72.47645561557378
95,2021-04-06,63.54079997730469
96,2021-04-07,66.22948287630335
97,2021-04-08,69.62771178721982
98,2021-04-09,75.37431682636766
99,2021-04-10,83.77957654281867
100,2021-04-11,79.84637540463117
101,2021-04-12,72.56433786767472
102,2021-04-13,66.71338522529814
103,2021-04-14,63.39176458380087
104,2021-04-15,68.59692220565485
105,2021-04-16,76.54260531849725
106,2021-04-17,89.57850356624151
107,2021-04-18,84.19381995325857
108,2021-04-19,74.43186006932535
109,2021-04-20,67.45598663437299
110,2021-04-21,76.2103064806098
111,2021-04-22,68.94308485726704
112,2021-04-23,75.57869901302014
113,2021-04-24,103.18442693850346
114,2021-04-25,83.13204161442955
115,2021-04-26,74.46203486292751
116,2021-04-27,67.45718759621087
117,2021-04-28,62.27928731456532
118,2021-04-29,71.95963205117617
119,2021-04-30,77.28852861871783
120,2021-05-01,86.39347684681054
121,2021-05-02,81.00448343368082
122,2021-05-03,77.22711253264796
123,2021-05-04,63.54106436418919
124,2021-05-05,66.77797642592277
125,2021-05-06,74.53073054336792
126,2021-05-07,72.31025595736337
127,2021-05-08,82.43914984841985
128,2021-05-09,83.42358843483979
129,2021-05-10,71.75929407303795
130,2021-05-11,62.80296948732193
131,2021-05-12,65.02705126707556
132,2021-05-13,65.38170661421721
133,2021-05-14,75.88197854225122
134,2021-05-15,81.0896276132746
135,2021-05-16,86.92881641619582
136,2021-05-17,70.57910701035475
137,2021-05-18,65.68136456286426
138,2021-05-19,66.58576768571444
139,2021-05-20,64.46031981481303
140,2021-05-21,74.73775532930243
141,2021-05-22,86.60852550426702
142,2021-05-23,77.89801700070711
143,2021-05-24,72.67392424096339
144,2021-05-25,66.72166611875257
145,2021-05-26,65.95701483726042
146,2021-05-27,63.88872199309035
147,2021-05-28,69.99147679108026
148,2021-05-29,83.91008974514396
149,2021-05-30,82.45045312392897
150,2021-05-31,72.25113894962783
151,2021-06-01,66.34407141434158
152,2021-06-02,61.38825200958826
153,2021-06-03,67.22361341868607
154,2021-06-04,73.70612856148298
155,2021-06-05,79.92057843792011
156,2021-06-06,86.02529759817648
157,2021-06-07,72.18417963923811
158,2021-06-08,61.51335600615717
159,2021-06-09,64.30970312203202
160,2021-06-10,63.26933921127773
161,2021-06-11,74.3364629424507
162,2021-06-12,84.26637833590149
163,2021-06-13,78.05334184104764
164,2021-06-14,72.78035413958715
165,2021-06-15,65.11201951542313
166,2021-06-16,64.01773367595885
167,2021-06-17,70.27731243077281
168,2021-06-18,70.79791036377611
169,2021-06-19,78.34664355423942
170,2021-06-20,77.1057999258136
171,2021-06-21,67.20990772058173
172,2021-06-22,63.018055129325376
173,2021-06-23,61.94367323175616
174,2021-06-24,65.12341348679631
175,2021-06-25,72.9105288551079
176,2021-06-26,79.63012562126686
177,2021-06-27,82.6422493756375
178,2021-06-28,67.90548625363691
179,2021-06-29,69.77571382040193
180,2021-06-30,61.91477327876771
181,2021-07-01,61.26313140920846
182,2021-07-02,66.98535202510655
183,2021-07-03,80.09616262529669
184,2021-07-04,77.31198338479513
185,2021-07-05,83.23558338771473
186,2021-07-06,62.90590311881069
187,2021-07-07,59.22585802793007
188,2021-07-08,60.488579085327366
189,2021-07-09,64.98490057550802
190,2021-07-10,76.78720415979393
191,2021-07-11,79.42831798434905
192,2021-07-12,67.59764621186353
193,2021-07-13,57.46913461121543
194,2021-07-14,59.09690979920567
195,2021-07-15,63.02477925239869
196,2021-07-16,65.90106498126323
197,2021-07-17,77.6236519599006
198,2021-07-18,76.49262700358575
199,2021-07-19,63.156931945335145
200,2021-07-20,61.026262933280236
201,2021-07-21,59.37560778683914
202,2021-07-22,64.14569953984505
203,2021-07-23,70.37496367452675
204,2021-07-24,72.73659127064306
205,2021-07-25,73.05683203442263
206,2021-07-26,66.89313869648116
207,2021-07-27,60.713448355695895
208,2021-07-28,58.524805111018686
209,2021-07-29,70.90351864502578
210,2021-07-30,68.3580766045895
211,2021-07-31,78.81688539134197
212,2021-08-01,77.46720111706287
213,2021-08-02,75.97095445580352
214,2021-08-03,57.794055684108436
215,2021-08-04,58.51118721996491
216,2021-08-05,57.75132889096825
217,2021-08-06,65.52337382490678
218,2021-08-07,73.79606326106007
219,2021-08-08,74.4779915684589
220,2021-08-09,70.43837871040854
221,2021-08-10,52.98970719972551
222,2021-08-11,57.711564525272664
223,2021-08-12,54.891228301319416
224,2021-08-13,64.30734286142611
225,2021-08-14,77.47691179098611
226,2021-08-15,73.8723647550637
227,2021-08-16,60.732691977773285
228,2021-08-17,55.56597497410806
229,2021-08-18,57.17195805841608
230,2021-08-19,56.76460094019659
231,2021-08-20,65.66990781950801
232,2021-08-21,74.17681056907279
233,2021-08-22,71.46984565834398
234,2021-08-23,68.97516811510977
235,2021-08-24,58.7665686665334
236,2021-08-25,49.44084133336151
237,2021-08-26,58.82589914327288
238,2021-08-27,62.89893268763048
239,2021-08-28,75.97022912561252
240,2021-08-29,70.71905594490724
241,2021-08-30,62.52142128084269
242,2021-08-31,58.07832681374311
243,2021-09-01,56.92150595647011
244,2021-09-02,54.77245852790287
245,2021-09-03,63.48910921578032
246,2021-09-04,72.10870297404146
247,2021-09-05,70.8333239896449
248,2021-09-06,67.35260213995424
249,2021-09-07,57.579348292732575
250,2021-09-08,50.967137872882695
251,2021-09-09,60.29571052773618
252,2021-09-10,69.94311634421963
253,2021-09-11,76.01668700939622
254,2021-09-12,68.35006373541096
255,2021-09-13,61.15069340413304
256,2021-09-14,59.796128129273306
257,2021-09-15,52.367823523816725
258,2021-09-16,58.94034881091996
259,2021-09-17,66.24701137607941
260,2021-09-18,70.68627504650846
261,2021-09-19,72.26944709632413
262,2021-09-20,53.70244232221194
263,2021-09-21,53.623380077196146
264,2021-09-22,53.628454482447346
265,2021-09-23,54.423051331118145
266,2021-09-24,68.63127972916139
267,2021-09-25,69.41417823960808
268,2021-09-26,84.49003346628588
269,2021-09-27,62.930208348370925
270,2021-09-28,60.422467502508624
271,2021-09-29,50.59386275492837
272,2021-09-30,61.11144470436125
273,2021-10-01,64.44879963949624
274,2021-10-02,70.84147672587136
275,2021-10-03,74.01737570296189
276,2021-10-04,63.367889324429335
277,2021-10-05,55.18229266933663
278,2021-10-06,54.949636479299734
279,2021-10-07,57.23966471852289
280,2021-10-08,65.0553960194426
281,2021-10-09,75.62563754971923
282,2021-10-10,77.41686257365724
283,2021-10-11,59.871808220519
284,2021-10-12,62.9640807215995
285,2021-10-13,49.9110405094459
286,2021-10-14,58.30915115955275
287,2021-10-15,66.79472085997143
288,2021-10-16,75.07228123047514
289,2021-10-17,71.94734225326546
290,2021-10-18,63.16422577561908
291,2021-10-19,56.40419714293241
292,2021-10-20,54.13889095307406
293,2021-10-21,61.5794045260098
294,2021-10-22,66.75463909939958
295,2021-10-23,73.04501501555532
296,2021-10-24,76.67755784174955
297,2021-10-25,65.19351065177212
298,2021-10-26,60.585206520488455
299,2021-10-27,58.10277482087763
300,2021-10-28,57.73709932617538
301,2021-10-29,64.98530001305211
302,2021-10-30,77.65771335030378
303,2021-10-31,76.63771431684391
304,2021-11-01,65.06523435224643
305,2021-11-02,59.48177832510365
306,2021-11-03,60.6434903017429
307,2021-11-04,59.185512567634426
308,2021-11-05,68.79851648185662
309,2021-11-06,75.93369960575107
310,2021-11-07,75.2574433276581
311,2021-11-08,68.9595326676273
312,2021-11-09,62.280308643182124
313,2021-11-10,60.29230528112809
314,2021-11-11,65.22474227776611
315,2021-11-12,68.31022955020072
316,2021-11-13,79.26783687274974
317,2021-11-14,75.96898751485148
318,2021-11-15,67.84398892434822
319,2021-11-16,60.690376354206535
320,2021-11-17,59.361759840674495
321,2021-11-18,64.32466405406005
322,2021-11-19,67.0756447115509
323,2021-11-20,84.12063933656809
324,2021-11-21,75.14817286677173
325,2021-11-22,64.76099461696815
326,2021-11-23,65.25184417737758
327,2021-11-24,62.33292267134445
328,2021-11-25,65.51056536028078
329,2021-11-26,72.10096937629433
330,2021-11-27,79.56936907672144
331,2021-11-28,76.58446849508582
332,2021-11-29,69.39775024225723
333,2021-11-30,61.46126226004345
334,2021-12-01,64.0035289552612
335,2021-12-02,64.6140124912922
336,2021-12-03,69.37130493759295
337,2021-12-04,94.6365477875065
338,2021-12-05,81.3370358684303
339,2021-12-06,68.89535103455525
340,2021-12-07,62.3029175110307
341,2021-12-08,63.27067704907778
342,2021-12-09,66.92291059545738
343,2021-12-10,71.48996458978048
344,2021-12-11,80.8025617166698
345,2021-12-12,82.12260925304223
346,2021-12-13,67.7887878550251
347,2021-12-14,62.01092713420808
348,2021-12-15,61.96774908989514
349,2021-12-16,66.98638031272188
350,2021-12-17,75.00540603333557
351,2021-12-18,100.78024556304688
352,2021-12-19,85.13020155879552
353,2021-12-20,72.59036842234833
354,2021-12-21,67.08815434793176
355,2021-12-22,62.53365965107585
356,2021-12-23,68.84985268554374
357,2021-12-24,74.72762506572401
358,2021-12-25,85.60333445127769
359,2021-12-26,81.92889631788357
360,2021-12-27,75.77528955408502
361,2021-12-28,72.63138002762882
362,2021-12-29,66.30264106685456
363,2021-12-30,71.34226366544898
364,2021-12-31,78.7298764229524
365,2022-01-01,85.00954427350455
366,2022-01-02,86.12935589081488
367,2022-01-03,75.76966073984786
368,2022-01-04,70.11971832744315
369,2022-01-05,65.87225507739296
370,2022-01-06,71.68666713649831
371,2022-01-07,79.57336987397464
372,2022-01-08,91.37233305689486
373,2022-01-09,89.47454210921694
374,2022-01-10,82.90793785254007
375,2022-01-11,69.14099847180903
376,2022-01-12,71.66933265844423
377,2022-01-13,73.46772192552527
378,2022-01-14,85.49065736602245
379,2022-01-15,86.61814456171035
380,2022-01-16,85.96014064212677
381,2022-01-17,76.81512340977704
382,2022-01-18,66.81340295310248
383,2022-01-19,69.22524686332487
384,2022-01-20,72.2490818473303
385,2022-01-21,81.30530769372646
386,2022-01-22,91.03905152615587
387,2022-01-23,94.60321027858471
388,2022-01-24,82.30388140882464
389,2022-01-25,72.28832603516888
390,2022-01-26,79.32803650985548
391,2022-01-27,76.91164645950786
392,2022-01-28,78.61223257847713
393,2022-01-29,96.33146471968682
394,2022-01-30,93.98455787135698
395,2022-01-31,79.72549744649926
396,2022-02-01,70.46676308663898
397,2022-02-02,76.8294753025481
398,2022-02-03,76.5030637576132
399,2022-02-04,86.73869855853135
400,2022-02-05,88.29190120542056
401,2022-02-06,90.38240906966983
402,2022-02-07,82.19713160084257
403,2022-02-08,76.39955614961153
404,2022-02-09,73.12883921023054
405,2022-02-10,79.65326274355542
406,2022-02-11,95.21546084365936
407,2022-02-12,93.34940156033989
408,2022-02-13,93.45096991872559
409,2022-02-14,84.68563815846595
410,2022-02-15,79.29573132640185
411,2022-02-16,72.39688471540343
412,2022-02-17,74.90636230121162
413,2022-02-18,89.05872590954893
414,2022-02-19,95.68227346962648
415,2022-02-20,92.1432617133304
416,2022-02-21,88.50934716541776
417,2022-02-22,78.69763573497836
418,2022-02-23,79.6146070711769
419,2022-02-24,80.21378781948087
420,2022-02-25,92.14175825757027
421,2022-02-26,100.47870548497794
422,2022-02-27,94.4315514131175
423,2022-02-28,87.86918214982852
424,2022-03-01,81.03746675756592
425,2022-03-02,81.0201947515365
426,2022-03-03,78.30514504243006
427,2022-03-04,89.29341662395655
428,2022-03-05,99.4445858823539
429,2022-03-06,91.18676034552936
430,2022-03-07,82.86662950228869
431,2022-03-08,74.5882378181521
432,2022-03-09,77.3802765543198
433,2022-03-10,83.61401161216202
434,2022-03-11,92.2469306554261
435,2022-03-12,97.51952547576099
436,2022-03-13,101.04825566020322
437,2022-03-14,83.0336682931994
438,2022-03-15,76.17630102609725
439,2022-03-16,78.62160056298195
440,2022-03-17,83.36005040129122
441,2022-03-18,88.73113035611631
442,2022-03-19,92.34852562604661
443,2022-03-20,97.00373148179348
444,2022-03-21,83.8133559252964
445,2022-03-22,83.14106284775609
446,2022-03-23,80.3008578546355
447,2022-03-24,80.30673461350759
448,2022-03-25,87.9351035385554
449,2022-03-26,95.55561648826952
450,2022-03-27,97.54167076345333
451,2022-03-28,90.36247641325033
452,2022-03-29,79.10122528188523
453,2022-03-30,81.08323258291408
454,2022-03-31,81.80546578434537
455,2022-04-01,87.555992437205
456,2022-04-02,98.48214156929356
457,2022-04-03,95.2527838939176
458,2022-04-04,86.60715927914649
459,2022-04-05,78.82821060084365
460,2022-04-06,85.30822934413962
461,2022-04-07,83.59490628433862
462,2022-04-08,88.05139756727698
463,2022-04-09,99.57416134957145
464,2022-04-10,97.95134536354021
465,2022-04-11,87.69350999467748
466,2022-04-12,83.89029627746062
467,2022-04-13,82.19979002499073
468,2022-04-14,82.19990992320598
469,2022-04-15,88.50007974940068
470,2022-04-16,98.34952188395349
471,2022-04-17,92.11685766774201
472,2022-04-18,84.2582535479937
473,2022-04-19,85.96354135522904
474,2022-04-20,84.61873056665941
475,2022-04-21,82.96460424390446
476,2022-04-22,91.5982527792515
477,2022-04-23,99.90140508873723
478,2022-04-24,106.59609149481517
479,2022-04-25,91.30548780663472
480,2022-04-26,81.84336967087535
481,2022-04-27,77.49563287284329
482,2022-04-28,79.18049175455363
483,2022-04-29,90.45453511217956
484,2022-04-30,96.86537923263822
485,2022-05-01,94.27251540724576
486,2022-05-02,86.34949972122924
487,2022-05-03,79.06444068072234
488,2022-05-04,84.41015302038518
489,2022-05-05,85.66115629838873
490,2022-05-06,89.63019592960302
491,2022-05-07,102.63377867593395
492,2022-05-08,98.03592523455704
493,2022-05-09,85.46840403171966
494,2022-05-10,85.78004668985996
495,2022-05-11,80.97746230296985
496,2022-05-12,80.13242334422868
497,2022-05-13,88.77497682222919
498,2022-05-14,95.8960298182792
499,2022-05-15,93.70103617438899
500,2022-05-16,89.88760942476381
501,2022-05-17,86.40179258565165
502,2022-05-18,75.3109335242772
503,2022-05-19,84.0037821823409
504,2022-05-20,87.06926588132517
505,2022-05-21,96.46862224691725
506,2022-05-22,95.34556946165321
507,2022-05-23,84.5515962317324
508,2022-05-24,80.8620525413274
509,2022-05-25,76.31564772385012
510,2022-05-26,82.67385536921066
511,2022-05-27,88.13816694412566
512,2022-05-28,96.5747086622821
513,2022-05-29,93.91906711030829
514,2022-05-30,84.74024616229049
515,2022-05-31,82.17271591745568
516,2022-06-01,79.30302270364675
517,2022-06-02,78.6850368053872
518,2022-06-03,87.91256794246873
519,2022-06-04,98.60919046919791
520,2022-06-05,91.21295962726954
521,2022-06-06,87.10602914995884
522,2022-06-07,77.67634406010428
523,2022-06-08,78.81455247858618
524,2022-06-09,78.57843027114984
525,2022-06-10,95.15081005097628
526,2022-06-11,91.48454250260416
527,2022-06-12,95.14091349420825
528,2022-06-13,85.62349878107116
529,2022-06-14,76.29992080344249
530,2022-06-15,78.26743633623653
531,2022-06-16,75.41587867423365
532,2022-06-17,86.02894525279348
533,2022-06-18,91.85972555077072
534,2022-06-19,92.49604959210708
535,2022-06-20,84.28981441959098
536,2022-06-21,75.65302449529788
537,2022-06-22,74.73478588925238
538,2022-06-23,81.84441761569772
539,2022-06-24,83.87110393724153
540,2022-06-25,96.60340962706192
541,2022-06-26,90.41990495814414
542,2022-06-27,84.80326583321522
543,2022-06-28,81.07649891356499
544,2022-06-29,68.3052524606031
545,2022-06-30,76.17921821961967
546,2022-07-01,86.18833531399137
547,2022-07-02,92.99878631194072
548,2022-07-03,93.67093419657951
549,2022-07-04,80.93984033056944
550,2022-07-05,76.61526099360482
551,2022-07-06,73.75528856929046
552,2022-07-07,80.68081153350377
553,2022-07-08,84.514501956491
554,2022-07-09,93.65654208309486
555,2022-07-10,90.75577968286217
556,2022-07-11,80.45439167747801
557,2022-07-12,74.41553009521324
558,2022-07-13,74.4445660181207
559,2022-07-14,75.5973479185888
560,2022-07-15,83.81875951681562
561,2022-07-16,97.56031143409216
562,2022-07-17,93.43482735445765
563,2022-07-18,80.10915205841398
564,2022-07-19,78.04905997269896
565,2022-07-20,71.50425795188383
566,2022-07-21,70.46206878477682
567,2022-07-22,79.55032658055161
568,2022-07-23,86.14648550957558
569,2022-07-24,89.38000835669827
570,2022-07-25,80.29116490456288
571,2022-07-26,78.5902025844641
572,2022-07-27,72.75312701421592
573,2022-07-28,74.64441797925883
574,2022-07-29,83.78946038174124
575,2022-07-30,84.5126819056005
576,2022-07-31,90.25788986508805
577,2022-08-01,81.62321152679314
578,2022-08-02,69.38017349572226
579,2022-08-03,74.27547530744437
580,2022-08-04,75.47551275270159
581,2022-08-05,79.76332017746134
582,2022-08-06,91.53501947700259
583,2022-08-07,95.10586848713099
584,2022-08-08,79.39596185423333
585,2022-08-09,73.41565099503512
586,2022-08-10,69.33048397172438
587,2022-08-11,71.66099693434975
588,2022-08-12,82.53135597922973
589,2022-08-13,86.93104025871031
590,2022-08-14,88.5955468661661
591,2022-08-15,77.05418254004506
592,2022-08-16,73.48949893315637
593,2022-08-17,70.93455276147002
594,2022-08-18,76.23219173426948
595,2022-08-19,78.40025076303132
596,2022-08-20,88.01447305244481
597,2022-08-21,85.27337842247198
598,2022-08-22,76.67126866771409
599,2022-08-23,72.75547077664851
600,2022-08-24,71.63176243026109
601,2022-08-25,70.50915241153928
602,2022-08-26,81.70754338365043
603,2022-08-27,92.00002387031451
604,2022-08-28,88.64353709141305
605,2022-08-29,82.5641855873251
606,2022-08-30,69.28845259331833
607,2022-08-31,65.88338612669463
608,2022-09-01,67.86783608362907
609,2022-09-02,83.08581041763995
610,2022-09-03,89.8091492221045
611,2022-09-04,87.09559233450946
612,2022-09-05,77.98717425667196
613,2022-09-06,68.08946049960021
614,2022-09-07,75.6144137499445
615,2022-09-08,72.80269143507506
616,2022-09-09,79.1419010667905
617,2022-09-10,89.81874906247863
618,2022-09-11,88.37812304616088
619,2022-09-12,77.6865150114746
620,2022-09-13,68.8619381000306
621,2022-09-14,70.16907712950358
622,2022-09-15,77.43789732135421
623,2022-09-16,82.39932562777936
624,2022-09-17,92.0985653798722
625,2022-09-18,85.65462530001149
626,2022-09-19,74.38342785499552
627,2022-09-20,70.64784113488447
628,2022-09-21,69.05581593023525
629,2022-09-22,75.3380739153966
630,2022-09-23,74.24251694082686
631,2022-09-24,91.99045098988822
632,2022-09-25,86.69027764668652
633,2022-09-26,76.00311962833136
634,2022-09-27,68.37352111945009
635,2022-09-28,64.57442995280218
636,2022-09-29,74.76199113975454
637,2022-09-30,79.18432993788467
638,2022-10-01,84.57052822927616
639,2022-10-02,83.83152718177445
640,2022-10-03,76.4790244021997
641,2022-10-04,75.86112411583062
642,2022-10-05,68.60883717755392
643,2022-10-06,68.76676703396356
644,2022-10-07,78.62731745974342
645,2022-10-08,87.64014395270179
646,2022-10-09,80.38833074242494
647,2022-10-10,77.59932338875625
648,2022-10-11,71.11008707501794
649,2022-10-12,71.58687394160222
650,2022-10-13,78.23332127994641
651,2022-10-14,82.76689980351216
652,2022-10-15,88.10326661743272
653,2022-10-16,94.85459510162035
654,2022-10-17,85.18343667796235
655,2022-10-18,72.40119409585427
656,2022-10-19,70.27060082048237
657,2022-10-20,73.71998526402515
658,2022-10-21,80.82201633648205
659,2022-10-22,89.0194528591983
660,2022-10-23,87.18999038296971
661,2022-10-24,77.37442764557278
662,2022-10-25,72.78611658862042
663,2022-10-26,69.4165509296965
664,2022-10-27,72.52869572320128
665,2022-10-28,81.2601408008551
666,2022-10-29,89.42359453339512
667,2022-10-30,93.51955614971035
668,2022-10-31,72.43018564052151
669,2022-11-01,76.5753011204891
670,2022-11-02,75.0185947292456
671,2022-11-03,69.64213219486652
672,2022-11-04,80.85081875442049
673,2022-11-05,89.92867348927733
674,2022-11-06,86.49409939067168
675,2022-11-07,78.33921561867757
676,2022-11-08,71.4969359347059
677,2022-11-09,77.26812076996681
678,2022-11-10,78.66483272727203
679,2022-11-11,86.12269569867564
680,2022-11-12,93.80851908481709
681,2022-11-13,88.18920898520696
682,2022-11-14,79.98101460233838
683,2022-11-15,76.78913092282009
684,2022-11-16,70.22379975142023
685,2022-11-17,79.06416738183539
686,2022-11-18,83.05499198522993
687,2022-11-19,91.87594770008366
688,2022-11-20,94.1985644675012
689,2022-11-21,83.65119317749864
690,2022-11-22,75.56058382828341
691,2022-11-23,77.73378513000033
692,2022-11-24,75.31269067072185
693,2022-11-25,86.47158651438754
694,2022-11-26,95.60598283389021
695,2022-11-27,92.57155088875751
696,2022-11-28,84.47205224122409
697,2022-11-29,74.30819935570709
698,2022-11-30,86.81755527837701
699,2022-12-01,78.90496832579392
700,2022-12-02,84.58027047057237
701,2022-12-03,98.03014917820964
702,2022-12-04,92.70869548729229
703,2022-12-05,81.00135394431334
704,2022-12-06,74.70534679041126
705,2022-12-07,78.63287397582558
706,2022-12-08,77.186911783413
707,2022-12-09,91.97792279321322
708,2022-12-10,90.83317312588085
709,2022-12-11,100.45532730839267
710,2022-12-12,86.64604035072558
711,2022-12-13,79.92654240769126
712,2022-12-14,76.81182058453273
713,2022-12-15,83.01492849030626
714,2022-12-16,88.43798986718355
715,2022-12-17,100.73905606249929
716,2022-12-18,97.49489807286812
717,2022-12-19,87.79922084270298
718,2022-12-20,80.52824542585562
719,2022-12-21,79.45658877318516
720,2022-12-22,84.10016494998621
721,2022-12-23,85.25827619394717
722,2022-12-24,95.46014320466922
723,2022-12-25,100.53706121006044
724,2022-12-26,89.20185459073869
725,2022-12-27,82.36338652248084
726,2022-12-28,81.0129713465016
727,2022-12-29,85.56282571076538
728,2022-12-30,89.77571362668066
729,2022-12-31,106.62343000831204
730,2023-01-01,100.419565286354
731,2023-01-02,87.46056745729744
732,2023-01-03,85.32488104837397
733,2023-01-04,77.72916178487773
734,2023-01-05,88.76617336923161
735,2023-01-06,93.87201575512668
736,2023-01-07,102.51307529035886
737,2023-01-08,103.90570480330867
738,2023-01-09,95.95948989829861
739,2023-01-10,88.32049186953822
740,2023-01-11,78.71311100112047
741,2023-01-12,83.8878502705772
742,2023-01-13,92.26185016282601
743,2023-01-14,103.24238397508051
744,2023-01-15,103.99723032296014
745,2023-01-16,90.84696533745391
746,2023-01-17,87.42606582137782
747,2023-01-18,82.9800647987515
748,2023-01-19,87.02344920510733
749,2023-01-20,91.47811519942917
750,2023-01-21,102.00153896410337
751,2023-01-22,100.26711543000668
752,2023-01-23,91.48320415740056
753,2023-01-24,91.07238686201883
754,2023-01-25,83.75584677813453
755,2023-01-26,97.07516879464852
756,2023-01-27,97.89451350502299
757,2023-01-28,106.2727485133952
758,2023-01-29,102.87119160346543
759,2023-01-30,97.27337027709515
760,2023-01-31,87.92989013905184
761,2023-02-01,87.89700615340436
762,2023-02-02,98.11983241387628
763,2023-02-03,97.53428740936099
764,2023-02-04,110.09876850736804
765,2023-02-05,104.50288762543929
766,2023-02-06,96.49116185520244
767,2023-02-07,95.4584888171843
768,2023-02-08,87.0578308481708
769,2023-02-09,97.27385770609064
770,2023-02-10,100.86653784464949
771,2023-02-11,106.6280837674345
772,2023-02-12,109.24877571341305
773,2023-02-13,100.33988151508998
774,2023-02-14,93.47285955586305
775,2023-02-15,85.61572497587561
776,2023-02-16,91.5094662596434
777,2023-02-17,99.36735712841806
778,2023-02-18,109.01314667226895
779,2023-02-19,110.27155239654248
780,2023-02-20,99.235100989476
781,2023-02-21,89.21650225792614
782,2023-02-22,91.89623953536166
783,2023-02-23,96.12188870123295
784,2023-02-24,102.53364591652695
785,2023-02-25,113.10455377987834
786,2023-02-26,111.80522619655801
787,2023-02-27,100.93836230195637
788,2023-02-28,93.5609252899399
789,2023-03-01,87.29853250090571
790,2023-03-02,96.53149162402997
791,2023-03-03,102.46579432567442
792,2023-03-04,111.78696677847338
793,2023-03-05,106.95793177655133
794,2023-03-06,97.61532931481003
795,2023-03-07,97.41341622191182
796,2023-03-08,92.47962417833648
797,2023-03-09,97.9984808012177
798,2023-03-10,102.7518640836305
799,2023-03-11,111.88772769677878
800,2023-03-12,113.67537654366211
801,2023-03-13,99.86075848671625
802,2023-03-14,95.53223666469229
803,2023-03-15,92.0238715179241
804,2023-03-16,95.65354544145183
805,2023-03-17,102.49144581415305
806,2023-03-18,113.04039339773959
807,2023-03-19,110.46497056676913
808,2023-03-20,105.24243854924272
809,2023-03-21,93.43723074042043
810,2023-03-22,93.32947461686702
811,2023-03-23,96.18339457380696
812,2023-03-24,107.75892581098555
813,2023-03-25,113.47902412834429
814,2023-03-26,115.03301778265997
815,2023-03-27,98.31201936888179
816,2023-03-28,97.02647466517081
817,2023-03-29,96.67038169524385
818,2023-03-30,98.00872201840244
819,2023-03-31,107.1262654662771
820,2023-04-01,111.93049172552338
821,2023-04-02,116.41255205266741
822,2023-04-03,108.87174212187512
823,2023-04-04,95.6488497665801
824,2023-04-05,93.36997404557812
825,2023-04-06,101.99651577990167
826,2023-04-07,108.78150410646924
827,2023-04-08,112.16401153237773
828,2023-04-09,111.7027541311011
829,2023-04-10,102.1152396376758
830,2023-04-11,93.19125503120726
831,2023-04-12,102.50087929090738
832,2023-04-13,95.51687136898634
833,2023-04-14,102.58079018699982
834,2023-04-15,113.60082152324635
835,2023-04-16,113.56997596260453
836,2023-04-17,107.14440075867097
837,2023-04-18,94.18941914040339
838,2023-04-19,97.45018125256239
839,2023-04-20,97.67760719446002
840,2023-04-21,104.52953769853866
841,2023-04-22,115.50773003746095
842,2023-04-23,109.87957945030956
843,2023-04-24,103.9460652486739
844,2023-04-25,97.27217832256719
845,2023-04-26,96.04228557130136
846,2023-04-27,98.93876934954969
847,2023-04-28,111.17762925261682
848,2023-04-29,111.83175765356009
849,2023-04-30,111.32800631033612
850,2023-05-01,101.06480668713509
851,2023-05-02,95.13978636666303
852,2023-05-03,103.39259838294284
853,2023-05-04,101.15177213306029
854,2023-05-05,108.15060992377349
855,2023-05-06,111.76323811432277
856,2023-05-07,110.24876011364967
857,2023-05-08,103.73851620398395
858,2023-05-09,94.85113266724406
859,2023-05-10,101.90851078841098
860,2023-05-11,104.16070162422088
861,2023-05-12,105.87880000402497
862,2023-05-13,123.12344113650818
863,2023-05-14,122.97096630188722
864,2023-05-15,106.42238713505736
865,2023-05-16,100.89200694877964
866,2023-05-17,100.55374379485448
867,2023-05-18,104.08400770293309
868,2023-05-19,111.30360673885738
869,2023-05-20,123.91323538937226
870,2023-05-21,117.17134189390399
871,2023-05-22,105.43523646852147
872,2023-05-23,97.71530803404099
873,2023-05-24,97.29624189743303
874,2023-05-25,102.56678869607659
875,2023-05-26,113.83375011085087
876,2023-05-27,116.53893061892221
877,2023-05-28,117.6922615582992
878,2023-05-29,106.97361746399397
879,2023-05-30,104.06408993813888
880,2023-05-31,105.4973222847019
881,2023-06-01,100.61689011538898
882,2023-06-02,107.05037639425088
883,2023-06-03,120.12881454710231
884,2023-06-04,118.2921885731409
885,2023-06-05,111.35733627574115
886,2023-06-06,101.77579539880227
887,2023-06-07,97.03904832216521
888,2023-06-08,102.97058689056772
889,2023-06-09,110.68227884235756
890,2023-06-10,118.8334165862564
891,2023-06-11,117.12116165768717
892,2023-06-12,108.54388395273003
893,2023-06-13,102.64141093620218
894,2023-06-14,101.01887193560883
895,2023-06-15,102.39831992147624
896,2023-06-16,106.5019220039387
897,2023-06-17,116.27228110885785
898,2023-06-18,118.26111566875429
899,2023-06-19,102.70444008759155
900,2023-06-20,99.72062519455179
901,2023-06-21,104.47093801587309
902,2023-06-22,99.95541325986174
903,2023-06-23,109.6314770751765
904,2023-06-24,115.61446681967124
905,2023-06-25,114.34740725199758
906,2023-06-26,100.45349798241061
907,2023-06-27,99.95180627112613
908,2023-06-28,97.47444388933916
909,2023-06-29,104.92479604064403
910,2023-06-30,104.55258394061453
911,2023-07-01,114.89217385560877
912,2023-07-02,114.09569266576608
913,2023-07-03,107.58324057133288
914,2023-07-04,96.87762974664243
915,2023-07-05,95.68231982881261
916,2023-07-06,99.92229342158561
917,2023-07-07,105.084354301412
918,2023-07-08,112.29230214126916
919,2023-07-09,113.144205482431
920,2023-07-10,105.42164931335041
921,2023-07-11,93.56330430544814
922,2023-07-12,94.48950841507884
923,2023-07-13,95.59405502358604
924,2023-07-14,107.0127423192606
925,2023-07-15,108.59319131386334
926,2023-07-16,110.32203005977905
927,2023-07-17,102.75542203395098
928,2023-07-18,99.77938212714756
929,2023-07-19,93.17431586579818
930,2023-07-20,95.21078669030874
931,2023-07-21,108.09508966978821
932,2023-07-22,108.03072331599596
933,2023-07-23,105.13393294515198
934,2023-07-24,102.16991193137149
935,2023-07-25,93.44748304770305
936,2023-07-26,89.85101905717879
937,2023-07-27,97.88514066863488
938,2023-07-28,102.94352813363373
939,2023-07-29,109.69349602609708
940,2023-07-30,106.89717854750441
941,2023-07-31,102.62823795450836
942,2023-08-01,95.85703448273824
943,2023-08-02,91.64705672982186
944,2023-08-03,100.2732921777263
945,2023-08-04,98.71942711369442
946,2023-08-05,106.42985896912126
947,2023-08-06,107.82727651094486
948,2023-08-07,99.5003858124688
949,2023-08-08,94.11908466269443
950,2023-08-09,90.63405508398574
951,2023-08-10,95.6187358857244
952,2023-08-11,97.6208327963617
953,2023-08-12,113.84905682346545
954,2023-08-13,108.88677756292127
955,2023-08-14,102.06462274263916
956,2023-08-15,93.82343419048247
957,2023-08-16,91.96643515359742
958,2023-08-17,95.66641466809111
959,2023-08-18,101.68094941829354
960,2023-08-19,111.17092033360396
961,2023-08-20,112.19473883937819
962,2023-08-21,99.0889687646501
963,2023-08-22,94.33604758141512
964,2023-08-23,90.02802465220608
965,2023-08-24,97.56713677554471
966,2023-08-25,98.21053787925503
967,2023-08-26,113.87686402597132
968,2023-08-27,108.09065921240278
969,2023-08-28,94.30283347482194
970,2023-08-29,92.38988895767258
971,2023-08-30,88.06864074349618
972,2023-08-31,95.60081688238522
973,2023-09-01,97.94224693003044
974,2023-09-02,107.49262097818303
975,2023-09-03,102.79595057221186
976,2023-09-04,96.6591295693172
977,2023-09-05,85.22993611154045
978,2023-09-06,85.37748136108678
979,2023-09-07,95.14703100708176
980,2023-09-08,101.60527064572884
981,2023-09-09,109.64192478729025
982,2023-09-10,105.09948592223897
983,2023-09-11,97.58102308088012
984,2023-09-12,91.61118001133029
985,2023-09-13,86.39006864001526
986,2023-09-14,97.03398211880621
987,2023-09-15,101.75076272418502
988,2023-09-16,107.81235243587514
989,2023-09-17,107.71627940380458
990,2023-09-18,98.22354582337879
991,2023-09-19,86.07709092733558
992,2023-09-20,88.83703434788931
993,2023-09-21,91.13818776339313
994,2023-09-22,96.70030904525717
995,2023-09-23,107.69091956020874
996,2023-09-24,112.55658276352601
997,2023-09-25,99.46860168216425
998,2023-09-26,90.1433376753415
999,2023-09-27,91.16451935064107
1000,2023-09-28,96.89037323950778
1001,2023-09-29,102.05224173843547
1002,2023-09-30,108.78045762629495
1003,2023-10-01,116.58670076463432
1004,2023-10-02,99.83022183675565
1005,2023-10-03,92.97322353781213
1006,2023-10-04,92.27947488959808
1007,2023-10-05,95.08961076533052
1008,2023-10-06,102.67068762018249
1009,2023-10-07,107.4741158601394
1010,2023-10-08,111.766328883765
1011,2023-10-09,98.81557166102859
1012,2023-10-10,97.86964789706236
1013,2023-10-11,88.37585095563004
1014,2023-10-12,98.45450048669561
1015,2023-10-13,100.78251880501197
1016,2023-10-14,107.59016096267027
1017,2023-10-15,107.35104172584263
1018,2023-10-16,97.88366373384655
1019,2023-10-17,93.89656529747491
1020,2023-10-18,92.15145192156159
1021,2023-10-19,92.73974455495163
1022,2023-10-20,100.72186553072838
1023,2023-10-21,115.69063289423994
1024,2023-10-22,113.89738138334148
1025,2023-10-23,100.52003727540867
1026,2023-10-24,93.46507636077058
1027,2023-10-25,91.6927202472087
1028,2023-10-26,96.59165925960009
1029,2023-10-27,98.68998734647992
1030,2023-10-28,109.89285518919654
1031,2023-10-29,105.42635256849331
1032,2023-10-30,101.13550252661186
1033,2023-10-31,95.84252580768205
1034,2023-11-01,90.81352114966727
1035,2023-11-02,99.95113412962726
1036,2023-11-03,98.92474544353007
1037,2023-11-04,107.4331726680918
1038,2023-11-05,111.35303638230914
1039,2023-11-06,103.71636785749064
1040,2023-11-07,99.48925609489918
1041,2023-11-08,91.74247590970154
1042,2023-11-09,99.49275858533218
1043,2023-11-10,103.0247247379798
1044,2023-11-11,111.83052860611602
1045,2023-11-12,114.05760205415554
1046,2023-11-13,103.5900534641323
1047,2023-11-14,91.64065207720519
1048,2023-11-15,97.93686273367327
1049,2023-11-16,116.1354824199875
1050,2023-11-17,102.43676462239465
1051,2023-11-18,114.37623492306317
1052,2023-11-19,114.03018525090488
1053,2023-11-20,103.57060450907032
1054,2023-11-21,95.46228645306452
1055,2023-11-22,93.20098777148989
1056,2023-11-23,98.57124433684682
1057,2023-11-24,108.38155464861173
1058,2023-11-25,115.8769484093024
1059,2023-11-26,112.8093247462132
1060,2023-11-27,106.07582194155502
1061,2023-11-28,90.39401557847803
1062,2023-11-29,99.26427515463774
1063,2023-11-30,95.10225971224547
1064,2023-12-01,105.40659184574662
1065,2023-12-02,112.566601507669
1066,2023-12-03,111.50504536282067
1067,2023-12-04,108.32711983496124
1068,2023-12-05,98.03261724292199
1069,2023-12-06,98.31790052307636
1070,2023-12-07,100.90165799532753
1071,2023-12-08,108.9108928470309
1072,2023-12-09,117.04338973874941
1073,2023-12-10,112.79114100341799
1074,2023-12-11,109.1453284542543
1075,2023-12-12,99.23248337225107
1076,2023-12-13,94.45718668321442
1077,2023-12-14,101.15715728660724
1078,2023-12-15,112.96646829268593
1079,2023-12-16,120.42961383331141
1080,2023-12-17,116.6181127390722
1081,2023-12-18,106.8225716367743
1082,2023-12-19,101.01297196788815
1083,2023-12-20,105.5882323891161
1084,2023-12-21,104.6703354657336
1085,2023-12-22,111.40624778795362
1086,2023-12-23,122.25086497262329
1087,2023-12-24,119.54334256656202
1088,2023-12-25,108.40903238194558
1089,2023-12-26,102.6975466299661
1090,2023-12-27,101.1371043918065
1091,2023-12-28,104.89081855016512
1092,2023-12-29,113.56442055385392
1093,2023-12-30,120.96619756866255
1094,2023-12-31,122.23542400519379
1095,2024-01-01,110.25071609822933
1096,2024-01-02,104.80141200460125
1097,2024-01-03,97.29757278626705
1098,2024-01-04,108.82825096065575
1099,2024-01-05,113.89842769707313
